id,Prediction,Prediction_CV
5/1/10,19.93998938764977,25.88319145269834
4/1/09,18.123752164058338,21.453708517094626
9/1/13,10.851327789408543,3.7247613134562285
1/1/06,2.600962958931504,1.324164011253053
2/1/07,9.454238949699203,6.003252405104429
8/1/12,15.621987415201453,11.067951130240845
6/1/14,19.87044113032464,23.84088721816677
3/1/08,14.628502018074819,13.66747844117314
12/1/04,-4.421858641035479,-0.5357950111798986
7/1/11,18.713634118602283,19.395424077046826
