id,Prediction
5/1/10,20.031051033190373
4/1/09,18.29508211078005
9/1/13,12.51772448668735
1/1/06,4.412854001862511
2/1/07,10.48598359511612
8/1/12,16.564636458734753
6/1/14,20.321299731986258
3/1/08,15.113392964755299
12/1/04,-8.297332771141427
7/1/11,19.16582820716772
